url,count
/images/NASA-logosmall.gif,208353
/images/KSC-logosmall.gif,164807
/images/MOSAIC-logosmall.gif,127648
/images/USA-logosmall.gif,126812
/images/WORLD-logosmall.gif,125668
/images/ksclogo-medium.gif,121278
/ksc.html,83679
/images/launch-logo.gif,75957
/history/apollo/images/apollo-logo1.gif,68856
/shuttle/countdown/,64689
/,62769
/images/ksclogosmall.gif,61342
/shuttle/missions/missions.html,47258
/images/launchmedium.gif,40649
/htbin/cdt_main.pl,39837
/shuttle/missions/sts-69/mission-sts-69.html,31526
/shuttle/countdown/liftoff.html,29833
/icons/menu.xbm,29166
/shuttle/missions/sts-69/sts-69-patch-small.gif,29100
/icons/blank.xbm,28827
